{"K": [[12119.03459500726, 0.0, 646.7604472348690], [0.0, 12167.08832988364, 1684.080533045508], [0.0, 0.0, 1.0]], "dist_coff": [[-0.6150154, 6.777501579154586, 0,0,0]]}