{"IntrinsicMatrix1":[[2533.02465753311,0,0],[0,2538.412101741023,0],[1558.3372021819896,1064.451586293088,1]],"IntrinsicMatrix2":[[2559.5543645456373,0,0],[0,2563.5592503011017,0],[1569.7051461506344,1054.41695903721,1]],"RotationMatrix":[[0.99993763907904076,0.010878846263475996,0.0025236198227405254],[-0.010864896646826314,0.99992597551724,-0.0054769979687406762],[-0.0025830164319757751,0.00544923754955329,0.99998181675280506]],"TranslationVector":[73.279739103412155,2.0409809231941658,2.5955742076446029]}