{"K": [[2989.4659750081, 0.0, 986.258085680505], [0.0, 3579.8694267340575, 563.2468816573707], [0.0, 0.0, 1.0]], "dist_coff": [[-3.3710752433325695, 3.3623090628800902, 0.14493380299346298, 0.09732401220521943, -1.0997919740022268]]}